<?xml version="1.0" encoding="UTF-8"?>
<!DOCTYPE suite SYSTEM "https://testng.org/testng-1.0.dtd">
<suite name="Suite">
  <test thread-count="5" name="Test">
    <classes>
      <class name="Com.Bfx.patient.EditPatientTestcase"/>
      <class name="Com.Bfx.testcase.Package.AddPackageTestcase"/>
      <class name="Com.Bfx.testcase.Scheduler.SchedulerTestcase"/>
      <class name="Com.Bfx.testcase.Login.LoginTestcase"/>
      <class name="Com.Bfx.patient.PatientTestcase"/>
      <class name="Com.Bfx.patient.AddPatientTestcase"/>
    </classes>
  </test> <!-- Test -->
</suite> <!-- Suite -->
